C¢digo;Faixa Et ria;Campo de Experiˆncias;Objetivo de Aprendizagem e Desenvolvimento
EI01EO01;Bebˆs (zero a 1 ano e 6 meses);O eu, o outro e o n¢s;Perceber que suas a‡?es tˆm efeitos nas outras crian‡as e nos adultos.
EI02EO01;Crian‡as bem pequenas (1a 7m a 3a 11m);O eu, o outro e o n¢s;Demonstrar atitudes de cuidado e solidariedade na intera‡?o com crian‡as e adultos.
EI03EO01;Crian‡as pequenas (4a a 5a 11m);O eu, o outro e o n¢s;Demonstrar empatia pelos outros, percebendo que as pessoas tˆm diferentes sentimentos, necessidades e maneiras de pensar e agir.
EI01EO02;Bebˆs (zero a 1 ano e 6 meses);O eu, o outro e o n¢s;Perceber as possibilidades e os limites de seu corpo nas brincadeiras e intera‡?es das quais participa.
EI02EO02;Crian‡as bem pequenas (1a 7m a 3a 11m);O eu, o outro e o n¢s;Demonstrar imagem positiva de si e confian‡a em sua capacidade para enfrentar dificuldades e desafios.
EI03EO02;Crian‡as pequenas (4a a 5a 11m);O eu, o outro e o n¢s;Agir de maneira independente, com confian‡a em suas capacidades, reconhecendo suas conquistas e limita‡?es.
EI01EO03;Bebˆs (zero a 1 ano e 6 meses);O eu, o outro e o n¢s;Interagir com crian‡as da mesma faixa et ria e adultos ao explorar espa‡os, materiais, objetos, brinquedos.
EI02EO03;Crian‡as bem pequenas (1a 7m a 3a 11m);O eu, o outro e o n¢s;Compartilhar os objetos e os espa‡os com crian‡as da mesma faixa et ria e adultos.
EI03EO03;Crian‡as pequenas (4a a 5a 11m);O eu, o outro e o n¢s;Ampliar as rela‡?es interpessoais, desenvolvendo atitudes de participa‡?o e coopera‡?o.
EI01EO04;Bebˆs (zero a 1 ano e 6 meses);O eu, o outro e o n¢s;Comunicar necessidades, desejos e emo‡?es, utilizando gestos, balbucios, palavras.
EI02EO04;Crian‡as bem pequenas (1a 7m a 3a 11m);O eu, o outro e o n¢s;Comunicar-se com os colegas e os adultos, buscando compreendˆ-los e fazendo-se compreender.
EI03EO04;Crian‡as pequenas (4a a 5a 11m);O eu, o outro e o n¢s;Comunicar suas ideias e sentimentos a pessoas e grupos diversos.
EI01EO05;Bebˆs (zero a 1 ano e 6 meses);O eu, o outro e o n¢s;Reconhecer seu corpo e expressar suas sensa‡?es em momentos de alimenta‡?o, higiene, brincadeira e descanso.
EI02EO05;Crian‡as bem pequenas (1a 7m a 3a 11m);O eu, o outro e o n¢s;Perceber que as pessoas tˆm caracter¡sticas f¡sicas diferentes, respeitando essas diferen‡as.
EI03EO05;Crian‡as pequenas (4a a 5a 11m);O eu, o outro e o n¢s;Demonstrar valoriza‡?o das caracter¡sticas de seu corpo e respeitar as caracter¡sticas dos outros (crian‡as e adultos) com os quais convive.
EI01EO06;Bebˆs (zero a 1 ano e 6 meses);O eu, o outro e o n¢s;Interagir com outras crian‡as da mesma faixa et ria e adultos, adaptando-se ao conv¡vio social.
EI02EO06;Crian‡as bem pequenas (1a 7m a 3a 11m);O eu, o outro e o n¢s;Respeitar regras b sicas de conv¡vio social nas intera‡?es e brincadeiras.
EI03EO06;Crian‡as pequenas (4a a 5a 11m);O eu, o outro e o n¢s;Manifestar interesse e respeito por diferentes culturas e modos de vida.
EI02EO07;Crian‡as bem pequenas (1a 7m a 3a 11m);O eu, o outro e o n¢s;Resolver conflitos nas intera‡?es e brincadeiras, com a orienta‡?o de um adulto.
EI03EO07;Crian‡as pequenas (4a a 5a 11m);O eu, o outro e o n¢s;Usar estrat‚gias pautadas no respeito m£tuo para lidar com conflitos nas intera‡?es com crian‡as e adultos.
EI01CG01;Bebˆs (zero a 1 ano e 6 meses);Corpo, gestos e movimentos;Movimentar as partes do corpo para exprimir corporalmente emo‡?es, necessidades e desejos.
EI02CG01;Crian‡as bem pequenas (1a 7m a 3a 11m);Corpo, gestos e movimentos;Apropriar-se de gestos e movimentos de sua cultura no cuidado de si e nos jogos e brincadeiras.
EI03CG01;Crian‡as pequenas (4a a 5a 11m);Corpo, gestos e movimentos;Criar com o corpo formas diversificadas de express?o de sentimentos, sensa‡?es e emo‡?es, tanto nas situa‡?es do cotidiano quanto em brincadeiras, dan‡a, teatro, m£sica.
EI01CG02;Bebˆs (zero a 1 ano e 6 meses);Corpo, gestos e movimentos;Experimentar as possibilidades corporais nas brincadeiras e intera‡?es em ambientes acolhedores e desafiantes.
EI02CG02;Crian‡as bem pequenas (1a 7m a 3a 11m);Corpo, gestos e movimentos;Deslocar seu corpo no espa‡o, orientando-se por no‡?es como em frente, atr s, no alto, embaixo, dentro, fora etc., ao se envolver em brincadeiras e atividades de diferentes naturezas.
EI03CG02;Crian‡as pequenas (4a a 5a 11m);Corpo, gestos e movimentos;Demonstrar controle e adequa‡?o do uso de seu corpo em brincadeiras e jogos, escuta e reconto de hist¢rias, atividades art¡sticas, entre outras possibilidades.
EI01CG03;Bebˆs (zero a 1 ano e 6 meses);Corpo, gestos e movimentos;Imitar gestos e movimentos de outras crian‡as, adultos e animais.
EI02CG03;Crian‡as bem pequenas (1a 7m a 3a 11m);Corpo, gestos e movimentos;Explorar formas de deslocamento no espa‡o (pular, saltar, dan‡ar), combinando movimentos e seguindo orienta‡?es.
EI03CG03;Crian‡as pequenas (4a a 5a 11m);Corpo, gestos e movimentos;Criar movimentos, gestos, olhares e m¡micas em brincadeiras, jogos e atividades art¡sticas como dan‡a, teatro e m£sica.
EI01CG04;Bebˆs (zero a 1 ano e 6 meses);Corpo, gestos e movimentos;Participar do cuidado do seu corpo e da promo‡?o do seu bem-estar.
EI02CG04;Crian‡as bem pequenas (1a 7m a 3a 11m);Corpo, gestos e movimentos;Demonstrar progressiva independˆncia no cuidado do seu corpo.
EI03CG04;Crian‡as pequenas (4a a 5a 11m);Corpo, gestos e movimentos;Adotar h bitos de autocuidado relacionados a higiene, alimenta‡?o, conforto e aparˆncia.
EI01CG05;Bebˆs (zero a 1 ano e 6 meses);Corpo, gestos e movimentos;Utilizar os movimentos de preens?o, encaixe e lan‡amento, ampliando suas possibilidades de manuseio de diferentes materiais e objetos.
EI02CG05;Crian‡as bem pequenas (1a 7m a 3a 11m);Corpo, gestos e movimentos;Desenvolver progressivamente as habilidades manuais, adquirindo controle para desenhar, pintar, rasgar, folhear, entre outros.
EI03CG05;Crian‡as pequenas (4a a 5a 11m);Corpo, gestos e movimentos;Coordenar suas habilidades manuais no atendimento adequado a seus interesses e necessidades em situa‡?es diversas.
EI01TS01;Bebˆs (zero a 1 ano e 6 meses);Tra‡os, sons, cores e formas;Explorar sons produzidos com o pr¢prio corpo e com objetos do ambiente.
EI02TS01;Crian‡as bem pequenas (1a 7m a 3a 11m);Tra‡os, sons, cores e formas;Criar sons com materiais, objetos e instrumentos musicais, para acompanhar diversos ritmos de m£sica.
EI03TS01;Crian‡as pequenas (4a a 5a 11m);Tra‡os, sons, cores e formas;Utilizar sons produzidos por materiais, objetos e instrumentos musicais durante brincadeiras de faz de conta, encena‡?es, cria‡?es musicais, festas.
EI01TS02;Bebˆs (zero a 1 ano e 6 meses);Tra‡os, sons, cores e formas;Tra‡ar marcas gr ficas, em diferentes suportes, usando instrumentos riscantes e tintas.
EI02TS02;Crian‡as bem pequenas (1a 7m a 3a 11m);Tra‡os, sons, cores e formas;Utilizar materiais variados com possibilidades de manipula‡?o (argila, massa de modelar), explorando cores, texturas, superf¡cies, planos, formas e volumes ao criar objetos tridimensionais.
EI03TS02;Crian‡as pequenas (4a a 5a 11m);Tra‡os, sons, cores e formas;Expressar-se livremente por meio de desenho, pintura, colagem, dobradura e escultura, criando produ‡?es bidimensionais e tridimensionais.
EI01TS03;Bebˆs (zero a 1 ano e 6 meses);Tra‡os, sons, cores e formas;Explorar diferentes fontes sonoras e materiais para acompanhar brincadeiras cantadas, can‡?es, m£sicas e melodias.
EI02TS03;Crian‡as bem pequenas (1a 7m a 3a 11m);Tra‡os, sons, cores e formas;Utilizar diferentes fontes sonoras dispon¡veis no ambiente em brincadeiras cantadas, can‡?es, m£sicas e melodias.
EI03TS03;Crian‡as pequenas (4a a 5a 11m);Tra‡os, sons, cores e formas;Reconhecer as qualidades do som (intensidade, dura‡?o, altura e timbre), utilizando-as em suas produ‡?es sonoras e ao ouvir m£sicas e sons.
EI01EF01;Bebˆs (zero a 1 ano e 6 meses);Escuta, fala, pensamento e imagina‡?o;Reconhecer quando ‚ chamado por seu nome e reconhecer os nomes de pessoas com quem convive.
EI02EF01;Crian‡as bem pequenas (1a 7m a 3a 11m);Escuta, fala, pensamento e imagina‡?o;Dialogar com crian‡as e adultos, expressando seus desejos, necessidades, sentimentos e opini?es.
EI03EF01;Crian‡as pequenas (4a a 5a 11m);Escuta, fala, pensamento e imagina‡?o;Expressar ideias, desejos e sentimentos sobre suas vivˆncias, por meio da linguagem oral e escrita (escrita espontƒnea), de fotos, desenhos e outras formas de express?o.
EI01EF02;Bebˆs (zero a 1 ano e 6 meses);Escuta, fala, pensamento e imagina‡?o;Demonstrar interesse ao ouvir a leitura de poemas e a apresenta‡?o de m£sicas.
EI02EF02;Crian‡as bem pequenas (1a 7m a 3a 11m);Escuta, fala, pensamento e imagina‡?o;Identificar e criar diferentes sons e reconhecer rimas e alitera‡?es em cantigas de roda e textos po‚ticos.
EI03EF02;Crian‡as pequenas (4a a 5a 11m);Escuta, fala, pensamento e imagina‡?o;Inventar brincadeiras cantadas, poemas e can‡?es, criando rimas, alitera‡?es e ritmos.
EI01EF03;Bebˆs (zero a 1 ano e 6 meses);Escuta, fala, pensamento e imagina‡?o;Demonstrar interesse ao ouvir hist¢rias lidas ou contadas, observando ilustra‡?es e os movimentos de leitura do adulto-leitor (modo de segurar o portador e de virar as p ginas).
EI02EF03;Crian‡as bem pequenas (1a 7m a 3a 11m);Escuta, fala, pensamento e imagina‡?o;Demonstrar interesse e aten‡?o ao ouvir a leitura de hist¢rias e outros textos, diferenciando escrita de ilustra‡?es, e acompanhando, com orienta‡?o do adulto-leitor, a dire‡?o da leitura (de cima para baixo, da esquerda para a direita).
EI03EF03;Crian‡as pequenas (4a a 5a 11m);Escuta, fala, pensamento e imagina‡?o;Escolher e folhear livros, procurando orientar-se por temas e ilustra‡?es e tentando identificar palavras conhecidas.
EI01EF04;Bebˆs (zero a 1 ano e 6 meses);Escuta, fala, pensamento e imagina‡?o;Reconhecer elementos das ilustra‡?es de hist¢rias, apontando-os, a pedido do adulto-leitor.
EI02EF04;Crian‡as bem pequenas (1a 7m a 3a 11m);Escuta, fala, pensamento e imagina‡?o;Formular e responder perguntas sobre fatos da hist¢ria narrada, identificando cen rios, personagens e principais acontecimentos.
EI03EF04;Crian‡as pequenas (4a a 5a 11m);Escuta, fala, pensamento e imagina‡?o;Recontar hist¢rias ouvidas e planejar coletivamente roteiros de v¡deos e de encena‡?es, definindo os contextos, os personagens, a estrutura da hist¢ria.
EI01EF05;Bebˆs (zero a 1 ano e 6 meses);Escuta, fala, pensamento e imagina‡?o;Imitar as varia‡?es de entona‡?o e gestos realizados pelos adultos, ao ler hist¢rias e ao cantar.
EI02EF05;Crian‡as bem pequenas (1a 7m a 3a 11m);Escuta, fala, pensamento e imagina‡?o;Relatar experiˆncias e fatos acontecidos, hist¢rias ouvidas, filmes ou pe‡as teatrais assistidos etc.
EI03EF05;Crian‡as pequenas (4a a 5a 11m);Escuta, fala, pensamento e imagina‡?o;Recontar hist¢rias ouvidas para produ‡?o de reconto escrito, tendo o professor como escriba.
EI01EF06;Bebˆs (zero a 1 ano e 6 meses);Escuta, fala, pensamento e imagina‡?o;Comunicar-se com outras pessoas usando movimentos, gestos, balbucios, fala e outras formas de express?o.
EI02EF06;Crian‡as bem pequenas (1a 7m a 3a 11m);Escuta, fala, pensamento e imagina‡?o;Criar e contar hist¢rias oralmente, com base em imagens ou temas sugeridos.
EI03EF06;Crian‡as pequenas (4a a 5a 11m);Escuta, fala, pensamento e imagina‡?o;Produzir suas pr¢prias hist¢rias orais e escritas (escrita espontƒnea), em situa‡?es com fun‡?o social significativa.
EI01EF07;Bebˆs (zero a 1 ano e 6 meses);Escuta, fala, pensamento e imagina‡?o;Conhecer e manipular materiais impressos e audiovisuais em diferentes portadores (livro, revista, gibi, jornal, cartaz, CD, tablet etc.).
EI02EF07;Crian‡as bem pequenas (1a 7m a 3a 11m);Escuta, fala, pensamento e imagina‡?o;Manusear diferentes portadores textuais, demonstrando reconhecer seus usos sociais.
EI03EF07;Crian‡as pequenas (4a a 5a 11m);Escuta, fala, pensamento e imagina‡?o;Levantar hip¢teses sobre gˆneros textuais veiculados em portadores conhecidos, recorrendo a estrat‚gias de observa‡?o gr fica e/ou de leitura.
EI01EF08;Bebˆs (zero a 1 ano e 6 meses);Escuta, fala, pensamento e imagina‡?o;Participar de situa‡?es de escuta de textos em diferentes gˆneros textuais (poemas, f bulas, contos, receitas, quadrinhos, an£ncios etc.).
EI02EF08;Crian‡as bem pequenas (1a 7m a 3a 11m);Escuta, fala, pensamento e imagina‡?o;Manipular textos e participar de situa‡?es de escuta para ampliar seu contato com diferentes gˆneros textuais (parlendas, hist¢rias de aventura, tirinhas, cartazes de sala, card pios, not¡cias etc.).
EI03EF08;Crian‡as pequenas (4a a 5a 11m);Escuta, fala, pensamento e imagina‡?o;Selecionar livros e textos de gˆneros conhecidos para a leitura de um adulto e/ou para sua pr¢pria leitura (partindo de seu repert¢rio sobre esses textos, como a recupera‡?o pela mem¢ria, pela leitura das ilustra‡?es etc.).
EI01EF09;Bebˆs (zero a 1 ano e 6 meses);Escuta, fala, pensamento e imagina‡?o;Conhecer e manipular diferentes instrumentos e suportes de escrita.
EI02EF09;Crian‡as bem pequenas (1a 7m a 3a 11m);Escuta, fala, pensamento e imagina‡?o;Manusear diferentes instrumentos e suportes de escrita para desenhar, tra‡ar letras e outros sinais gr ficos.
EI03EF09;Crian‡as pequenas (4a a 5a 11m);Escuta, fala, pensamento e imagina‡?o;Levantar hip¢teses em rela‡?o … linguagem escrita, realizando registros de palavras e textos, por meio de escrita espontƒnea.
EI01ET01;Bebˆs (zero a 1 ano e 6 meses);Espa‡os, tempos, quantidades, rela‡?es e transforma‡?es;Explorar e descobrir as propriedades de objetos e materiais (odor, cor, sabor, temperatura).
EI02ET01;Crian‡as bem pequenas (1a 7m a 3a 11m);Espa‡os, tempos, quantidades, rela‡?es e transforma‡?es;Explorar e descrever semelhan‡as e diferen‡as entre as caracter¡sticas e propriedades dos objetos (textura, massa, tamanho).
EI03ET01;Crian‡as pequenas (4a a 5a 11m);Espa‡os, tempos, quantidades, rela‡?es e transforma‡?es;Estabelecer rela‡?es de compara‡?o entre objetos, observando suas propriedades.
EI01ET02;Bebˆs (zero a 1 ano e 6 meses);Espa‡os, tempos, quantidades, rela‡?es e transforma‡?es;Explorar rela‡?es de causa e efeito (transbordar, tingir, misturar, mover e remover etc.) na intera‡?o com o mundo f¡sico.
EI02ET02;Crian‡as bem pequenas (1a 7m a 3a 11m);Espa‡os, tempos, quantidades, rela‡?es e transforma‡?es;Observar, relatar e descrever incidentes do cotidiano e fen“menos naturais (luz solar, vento, chuva etc.).
EI03ET02;Crian‡as pequenas (4a a 5a 11m);Espa‡os, tempos, quantidades, rela‡?es e transforma‡?es;Observar e descrever mudan‡as em diferentes materiais, resultantes de a‡?es sobre eles, em experimentos envolvendo fen“menos naturais e artificiais.
EI01ET03;Bebˆs (zero a 1 ano e 6 meses);Espa‡os, tempos, quantidades, rela‡?es e transforma‡?es;Explorar o ambiente pela a‡?o e observa‡?o, manipulando, experimentando e fazendo descobertas.
EI02ET03;Crian‡as bem pequenas (1a 7m a 3a 11m);Espa‡os, tempos, quantidades, rela‡?es e transforma‡?es;Compartilhar, com outras crian‡as, situa‡?es de cuidado de plantas e animais nos espa‡os da institui‡?o e fora dela.
EI03ET03;Crian‡as pequenas (4a a 5a 11m);Espa‡os, tempos, quantidades, rela‡?es e transforma‡?es;Identificar e selecionar fontes de informa‡?es, para responder a quest?es sobre a natureza, seus fen“menos, sua conserva‡?o.
EI01ET04;Bebˆs (zero a 1 ano e 6 meses);Espa‡os, tempos, quantidades, rela‡?es e transforma‡?es;Manipular, experimentar, arrumar e explorar o espa‡o por meio de experiˆncias de deslocamentos de si e dos objetos.
EI02ET04;Crian‡as bem pequenas (1a 7m a 3a 11m);Espa‡os, tempos, quantidades, rela‡?es e transforma‡?es;Identificar rela‡?es espaciais (dentro e fora, em cima, embaixo, acima, abaixo, entre e do lado) e temporais (antes, durante e depois).
EI03ET04;Crian‡as pequenas (4a a 5a 11m);Espa‡os, tempos, quantidades, rela‡?es e transforma‡?es;Registrar observa‡?es, manipula‡?es e medidas, usando m£ltiplas linguagens (desenho, registro por n£meros ou escrita espontƒnea), em diferentes suportes.
EI01ET05;Bebˆs (zero a 1 ano e 6 meses);Espa‡os, tempos, quantidades, rela‡?es e transforma‡?es;Manipular materiais diversos e variados para comparar as diferen‡as e semelhan‡as entre eles.
EI02ET05;Crian‡as bem pequenas (1a 7m a 3a 11m);Espa‡os, tempos, quantidades, rela‡?es e transforma‡?es;Classificar objetos, considerando determinado atributo (tamanho, peso, cor, forma etc.).
EI03ET05;Crian‡as pequenas (4a a 5a 11m);Espa‡os, tempos, quantidades, rela‡?es e transforma‡?es;Classificar objetos e figuras de acordo com suas semelhan‡as e diferen‡as.
EI01ET06;Bebˆs (zero a 1 ano e 6 meses);Espa‡os, tempos, quantidades, rela‡?es e transforma‡?es;Vivenciar diferentes ritmos, velocidades e fluxos nas intera‡?es e brincadeiras (em dan‡as, balan‡os, escorregadores etc.).
EI02ET06;Crian‡as bem pequenas (1a 7m a 3a 11m);Espa‡os, tempos, quantidades, rela‡?es e transforma‡?es;Utilizar conceitos b sicos de tempo (agora, antes, durante, depois, ontem, hoje, amanh?, lento, r pido, depressa, devagar).
EI03ET06;Crian‡as pequenas (4a a 5a 11m);Espa‡os, tempos, quantidades, rela‡?es e transforma‡?es;Relatar fatos importantes sobre seu nascimento e desenvolvimento, a hist¢ria dos seus familiares e da sua comunidade.
EI02ET07;Crian‡as bem pequenas (1a 7m a 3a 11m);Espa‡os, tempos, quantidades, rela‡?es e transforma‡?es;Contar oralmente objetos, pessoas, livros etc., em contextos diversos.
EI03ET07;Crian‡as pequenas (4a a 5a 11m);Espa‡os, tempos, quantidades, rela‡?es e transforma‡?es;Relacionar n£meros …s suas respectivas quantidades e identificar o antes, o depois e o entre em uma sequˆncia.
EI02ET08;Crian‡as bem pequenas (1a 7m a 3a 11m);Espa‡os, tempos, quantidades, rela‡?es e transforma‡?es;Registrar com n£meros a quantidade de crian‡as (meninas e meninos, presentes e ausentes) e a quantidade de objetos da mesma natureza (bonecas, bolas, livros etc.).
EI03ET08;Crian‡as pequenas (4a a 5a 11m);Espa‡os, tempos, quantidades, rela‡?es e transforma‡?es;Expressar medidas (peso, altura etc.), construindo gr ficos b sicos.
